{
  "0": {
    "x": 1323,
    "y": 452
  },
  "1": {
    "x": 121,
    "y": 222
  },
  "2": {
    "x": 1026,
    "y": 386
  },
  "3": {
    "x": 819.778,
    "y": 582.444
  },
  "4": {
    "x": 445.73932297679596,
    "y": 423.4855838363639
  },
  "5": {
    "x": 447,
    "y": -27
  },
  "6": {
    "x": 389.0898282394079,
    "y": 569.677321444197
  },
  "7": {
    "x": 778,
    "y": 7
  },
  "8": {
    "x": 1158.78,
    "y": 77.6667
  },
  "9": {
    "x": 1479.11,
    "y": 140.444
  }
}