{
  "0": {
    "x": 1598.67,
    "y": 562
  },
  "1": {
    "x": 1741.8404669044307,
    "y": 78.1769778890723
  },
  "2": {
    "x": 411.333,
    "y": -88.6667
  },
  "3": {
    "x": 1385.5,
    "y": 58.5
  },
  "4": {
    "x": 32.69441365517434,
    "y": 15.248136948925403
  },
  "5": {
    "x": 362,
    "y": 239.5
  },
  "6": {
    "x": 1250,
    "y": 605
  },
  "7": {
    "x": 1747.5,
    "y": 342
  },
  "8": {
    "x": 378,
    "y": 652
  },
  "9": {
    "x": 1340.5,
    "y": 353.5
  },
  "10": {
    "x": 2077,
    "y": 35.5
  },
  "11": {
    "x": 688,
    "y": 277
  },
  "12": {
    "x": 909,
    "y": 597.5
  },
  "13": {
    "x": 1018,
    "y": 256.333
  },
  "14": {
    "x": 1960,
    "y": 515.5
  },
  "15": {
    "x": 131.667,
    "y": 408.333
  }
}