{
  "0": {
    "x": 1108,
    "y": -22
  },
  "1": {
    "x": 121,
    "y": 222
  },
  "2": {
    "x": 1072,
    "y": 526
  },
  "3": {
    "x": 819.778,
    "y": 582.444
  },
  "4": {
    "x": 443,
    "y": 342
  },
  "5": {
    "x": 456,
    "y": -20
  },
  "6": {
    "x": 389.0898282394079,
    "y": 569.677321444197
  },
  "7": {
    "x": 775,
    "y": 32
  },
  "8": {
    "x": 744,
    "y": 354
  },
  "9": {
    "x": 1401,
    "y": 528
  },
  "10": {
    "x": 1550,
    "y": 160
  }
}